CREATE TABLE IF NOT EXISTS `auth_assignment` (
  `item_name` varchar(64) COLLATE utf8_unicode_ci NOT NULL,
  `user_id` varchar(64) COLLATE utf8_unicode_ci NOT NULL,
  `created_at` int(11) DEFAULT NULL,
  PRIMARY KEY (`item_name`,`user_id`)
) ENGINE=InnoDB DEFAULT CHARSET=utf8 COLLATE=utf8_unicode_ci;

--
-- Dumping data for table `auth_assignment`
--

INSERT INTO `auth_assignment` (`item_name`, `user_id`, `created_at`) VALUES
('Management', '4', 1472311164),
('Painter', '17', NULL),
('Painter', '18', NULL),
('Painter', '19', NULL),
('Painter', '21', NULL),
('Painter', '22', NULL),
('Painter', '24', NULL),
('Painter', '28', NULL),
('Painter', '29', NULL),
('Painter', '30', NULL),
('Painter', '38', NULL),
('Painter', '39', NULL),
('Painter', '40', NULL),
('Painter', '43', NULL),
('Painter', '44', NULL),
('Painter', '45', NULL),
('Painter', '46', NULL),
('Painter', '47', NULL),
('Painter', '48', NULL),
('Painter', '9', 1472310099),
('SuperAdmin', '1', 1471870363),
('Support', '3', 1471870673);

--
-- Constraints for dumped tables
--

--
-- Constraints for table `auth_assignment`
--
ALTER TABLE `auth_assignment`
  ADD CONSTRAINT `auth_assignment_ibfk_1` FOREIGN KEY (`item_name`) REFERENCES `auth_item` (`name`) ON DELETE CASCADE ON UPDATE CASCADE;
CREATE TABLE IF NOT EXISTS `auth_item` (
  `name` varchar(64) COLLATE utf8_unicode_ci NOT NULL,
  `type` int(11) NOT NULL,
  `description` text COLLATE utf8_unicode_ci,
  `rule_name` varchar(64) COLLATE utf8_unicode_ci DEFAULT NULL,
  `data` text COLLATE utf8_unicode_ci,
  `created_at` int(11) DEFAULT NULL,
  `updated_at` int(11) DEFAULT NULL,
  PRIMARY KEY (`name`),
  KEY `rule_name` (`rule_name`),
  KEY `idx-auth_item-type` (`type`)
) ENGINE=InnoDB DEFAULT CHARSET=utf8 COLLATE=utf8_unicode_ci;

--
-- Dumping data for table `auth_item`
--

INSERT INTO `auth_item` (`name`, `type`, `description`, `rule_name`, `data`, `created_at`, `updated_at`) VALUES
('/*', 2, NULL, NULL, NULL, 1471853884, 1471853884),
('/admin/*', 2, NULL, NULL, NULL, 1471853884, 1471853884),
('/admin/default/*', 2, NULL, NULL, NULL, 1471853884, 1471853884),
('/admin/default/index', 2, NULL, NULL, NULL, 1471853884, 1471853884),
('/debug/*', 2, NULL, NULL, NULL, 1471853884, 1471853884),
('/debug/default/*', 2, NULL, NULL, NULL, 1471853884, 1471853884),
('/debug/default/db-explain', 2, NULL, NULL, NULL, 1471853884, 1471853884),
('/debug/default/download-mail', 2, NULL, NULL, NULL, 1471853884, 1471853884),
('/debug/default/index', 2, NULL, NULL, NULL, 1471853884, 1471853884),
('/debug/default/toolbar', 2, NULL, NULL, NULL, 1471853884, 1471853884),
('/debug/default/view', 2, NULL, NULL, NULL, 1471853884, 1471853884),
('/gii/*', 2, NULL, NULL, NULL, 1471853884, 1471853884),
('/gii/default/*', 2, NULL, NULL, NULL, 1471853884, 1471853884),
('/gii/default/action', 2, NULL, NULL, NULL, 1471853884, 1471853884),
('/gii/default/diff', 2, NULL, NULL, NULL, 1471853884, 1471853884),
('/gii/default/index', 2, NULL, NULL, NULL, 1471853884, 1471853884),
('/gii/default/preview', 2, NULL, NULL, NULL, 1471853884, 1471853884),
('/gii/default/view', 2, NULL, NULL, NULL, 1471853884, 1471853884),
('/management/*', 2, NULL, NULL, NULL, 1471853884, 1471853884),
('/management/default/*', 2, NULL, NULL, NULL, 1471853884, 1471853884),
('/management/default/index', 2, NULL, NULL, NULL, 1471853884, 1471853884),
('/management/pointorder/*', 2, NULL, NULL, NULL, 1472392182, 1472392182),
('/management/pointorder/dstate', 2, NULL, NULL, NULL, 1477852325, 1477852325),
('/management/pointorder/findpainter', 2, NULL, NULL, NULL, 1477848224, 1477848224),
('/management/pointorder/getitem', 2, NULL, NULL, NULL, 1477852418, 1477852418),
('/management/pointorder/index', 2, NULL, NULL, NULL, 1472392182, 1472392182),
('/management/pointorder/myindex', 2, NULL, NULL, NULL, 1473013628, 1473013628),
('/management/pointorder/myview', 2, NULL, NULL, NULL, 1473012818, 1473012818),
('/management/pointorder/newpoint', 2, NULL, NULL, NULL, 1477852278, 1477852278),
('/management/pointorder/orderapprove', 2, NULL, NULL, NULL, 1477848629, 1477848629),
('/management/pointorder/pdescription', 2, NULL, NULL, NULL, 1477852371, 1477852371),
('/management/pointorder/update', 2, NULL, NULL, NULL, 1472392182, 1472392182),
('/management/pointorder/view', 2, NULL, NULL, NULL, 1472392182, 1472392182),
('/management/pointorder/viewviainvoice', 2, NULL, NULL, NULL, 1474220855, 1474220855),
('/management/pointorderitem/*', 2, NULL, NULL, NULL, 1472392182, 1472392182),
('/management/pointorderitem/create', 2, NULL, NULL, NULL, 1472392182, 1472392182),
('/management/pointorderitem/delete', 2, NULL, NULL, NULL, 1472392182, 1472392182),
('/management/pointorderitem/index', 2, NULL, NULL, NULL, 1472392182, 1472392182),
('/management/pointorderitem/update', 2, NULL, NULL, NULL, 1472392182, 1472392182),
('/management/pointorderitem/view', 2, NULL, NULL, NULL, 1472392182, 1472392182),
('/management/redemption/index', 2, NULL, NULL, NULL, 1477848581, 1477848581),
('/management/redemption/invoiceapprove', 2, NULL, NULL, NULL, 1477848629, 1477848629),
('/management/redemption/view', 2, NULL, NULL, NULL, 1477848685, 1477848685),
('/management/report/*', 2, NULL, NULL, NULL, 1477848735, 1477848735),
('/management/report/index', 2, NULL, NULL, NULL, 1477848735, 1477848735),
('/painter/*', 2, NULL, NULL, NULL, 1471853884, 1471853884),
('/painter/default/*', 2, NULL, NULL, NULL, 1471853884, 1471853884),
('/painter/default/index', 2, NULL, NULL, NULL, 1471853884, 1471853884),
('/painter/default/redemption-request', 2, NULL, NULL, NULL, 1474041251, 1474041251),
('/painter/painterprofile/*', 2, NULL, NULL, NULL, 1471853884, 1471853884),
('/painter/painterprofile/approvel', 2, NULL, NULL, NULL, 1472045737, 1472045737),
('/painter/painterprofile/approvel-update', 2, NULL, NULL, NULL, 1472045834, 1472045834),
('/painter/painterprofile/checkemail', 2, NULL, NULL, NULL, 1477852022, 1477852022),
('/painter/painterprofile/create', 2, NULL, NULL, NULL, 1471853884, 1471853884),
('/painter/painterprofile/dealeraddress', 2, NULL, NULL, NULL, 1477852035, 1477852035),
('/painter/painterprofile/delete', 2, NULL, NULL, NULL, 1471853884, 1471853884),
('/painter/painterprofile/dregion', 2, NULL, NULL, NULL, 1477852137, 1477852137),
('/painter/painterprofile/dstate', 2, NULL, NULL, NULL, 1475412179, 1475412179),
('/painter/painterprofile/index', 2, NULL, NULL, NULL, 1471853884, 1471853884),
('/painter/painterprofile/myprofile', 2, NULL, NULL, NULL, 1472357696, 1472357696),
('/painter/painterprofile/payout', 2, NULL, NULL, NULL, 1476807440, 1476807440),
('/painter/painterprofile/payoutview', 2, NULL, NULL, NULL, 1476807867, 1476807867),
('/painter/painterprofile/pickcountry', 2, NULL, NULL, NULL, 1471853884, 1471853884),
('/painter/painterprofile/redemption', 2, NULL, NULL, NULL, 1474219599, 1474219599),
('/painter/painterprofile/redemption-request', 2, NULL, NULL, NULL, 1474041352, 1474041352),
('/painter/painterprofile/redemptionview', 2, NULL, NULL, NULL, 1474219955, 1474219955),
('/painter/painterprofile/sendpassword', 2, NULL, NULL, NULL, 1472315046, 1472315046),
('/painter/painterprofile/update', 2, NULL, NULL, NULL, 1471853884, 1471853884),
('/painter/painterprofile/updatebank', 2, NULL, NULL, NULL, 1471853884, 1471853884),
('/painter/painterprofile/updatecompany', 2, NULL, NULL, NULL, 1471853884, 1471853884),
('/painter/painterprofile/updateprofile', 2, NULL, NULL, NULL, 1471853884, 1471853884),
('/painter/painterprofile/view', 2, NULL, NULL, NULL, 1471853884, 1471853884),
('/painter/painterprofile/viewapprove', 2, NULL, NULL, NULL, 1472040934, 1472040934),
('/painter/profile/*', 2, NULL, NULL, NULL, 1472358526, 1472358526),
('/painter/profile/index', 2, NULL, NULL, NULL, 1472358526, 1472358526),
('/painter/profile/pickcountry', 2, NULL, NULL, NULL, 1472358526, 1472358526),
('/painter/profile/updatebank', 2, NULL, NULL, NULL, 1472358526, 1472358526),
('/painter/profile/updatecompany', 2, NULL, NULL, NULL, 1472358526, 1472358526),
('/painter/profile/updateprofile', 2, NULL, NULL, NULL, 1472358526, 1472358526),
('/rights/*', 2, NULL, NULL, NULL, 1471853884, 1471853884),
('/rights/assignment/*', 2, NULL, NULL, NULL, 1471853884, 1471853884),
('/rights/assignment/assign', 2, NULL, NULL, NULL, 1471853884, 1471853884),
('/rights/assignment/index', 2, NULL, NULL, NULL, 1471853884, 1471853884),
('/rights/assignment/revoke', 2, NULL, NULL, NULL, 1471853884, 1471853884),
('/rights/assignment/view', 2, NULL, NULL, NULL, 1471853884, 1471853884),
('/rights/default/*', 2, NULL, NULL, NULL, 1471853884, 1471853884),
('/rights/default/index', 2, NULL, NULL, NULL, 1471853884, 1471853884),
('/rights/menu/*', 2, NULL, NULL, NULL, 1471853884, 1471853884),
('/rights/menu/create', 2, NULL, NULL, NULL, 1471853884, 1471853884),
('/rights/menu/delete', 2, NULL, NULL, NULL, 1471853884, 1471853884),
('/rights/menu/index', 2, NULL, NULL, NULL, 1471853884, 1471853884),
('/rights/menu/update', 2, NULL, NULL, NULL, 1471853884, 1471853884),
('/rights/menu/view', 2, NULL, NULL, NULL, 1471853884, 1471853884),
('/rights/permission/*', 2, NULL, NULL, NULL, 1471853884, 1471853884),
('/rights/permission/assign', 2, NULL, NULL, NULL, 1471853884, 1471853884),
('/rights/permission/create', 2, NULL, NULL, NULL, 1471853884, 1471853884),
('/rights/permission/delete', 2, NULL, NULL, NULL, 1471853884, 1471853884),
('/rights/permission/index', 2, NULL, NULL, NULL, 1471853884, 1471853884),
('/rights/permission/remove', 2, NULL, NULL, NULL, 1471853884, 1471853884),
('/rights/permission/update', 2, NULL, NULL, NULL, 1471853884, 1471853884),
('/rights/permission/view', 2, NULL, NULL, NULL, 1471853884, 1471853884),
('/rights/role/*', 2, NULL, NULL, NULL, 1471853884, 1471853884),
('/rights/role/assign', 2, NULL, NULL, NULL, 1471853884, 1471853884),
('/rights/role/create', 2, NULL, NULL, NULL, 1471853884, 1471853884),
('/rights/role/delete', 2, NULL, NULL, NULL, 1471853884, 1471853884),
('/rights/role/index', 2, NULL, NULL, NULL, 1471853884, 1471853884),
('/rights/role/remove', 2, NULL, NULL, NULL, 1471853884, 1471853884),
('/rights/role/update', 2, NULL, NULL, NULL, 1471853884, 1471853884),
('/rights/role/view', 2, NULL, NULL, NULL, 1471853884, 1471853884),
('/rights/route/*', 2, NULL, NULL, NULL, 1471853884, 1471853884),
('/rights/route/assign', 2, NULL, NULL, NULL, 1471853884, 1471853884),
('/rights/route/create', 2, NULL, NULL, NULL, 1471853884, 1471853884),
('/rights/route/index', 2, NULL, NULL, NULL, 1471853884, 1471853884),
('/rights/route/refresh', 2, NULL, NULL, NULL, 1471853884, 1471853884),
('/rights/route/remove', 2, NULL, NULL, NULL, 1471853884, 1471853884),
('/rights/rule/*', 2, NULL, NULL, NULL, 1471853884, 1471853884),
('/rights/rule/create', 2, NULL, NULL, NULL, 1471853884, 1471853884),
('/rights/rule/delete', 2, NULL, NULL, NULL, 1471853884, 1471853884),
('/rights/rule/index', 2, NULL, NULL, NULL, 1471853884, 1471853884),
('/rights/rule/update', 2, NULL, NULL, NULL, 1471853884, 1471853884),
('/rights/rule/view', 2, NULL, NULL, NULL, 1471853884, 1471853884),
('/rights/user/*', 2, NULL, NULL, NULL, 1471853884, 1471853884),
('/rights/user/activate', 2, NULL, NULL, NULL, 1471853884, 1471853884),
('/rights/user/change-password', 2, NULL, NULL, NULL, 1471853884, 1471853884),
('/rights/user/delete', 2, NULL, NULL, NULL, 1471853884, 1471853884),
('/rights/user/index', 2, NULL, NULL, NULL, 1471853884, 1471853884),
('/rights/user/login', 2, NULL, NULL, NULL, 1471853884, 1471853884),
('/rights/user/logout', 2, NULL, NULL, NULL, 1471853884, 1471853884),
('/rights/user/request-password-reset', 2, NULL, NULL, NULL, 1471853884, 1471853884),
('/rights/user/reset-password', 2, NULL, NULL, NULL, 1471853884, 1471853884),
('/rights/user/signup', 2, NULL, NULL, NULL, 1471853884, 1471853884),
('/rights/user/view', 2, NULL, NULL, NULL, 1471853884, 1471853884),
('/shihan', 2, NULL, NULL, NULL, 1471853743, 1471853743),
('/site/*', 2, NULL, NULL, NULL, 1471853884, 1471853884),
('/site/about', 2, NULL, NULL, NULL, 1471853884, 1471853884),
('/site/captcha', 2, NULL, NULL, NULL, 1471853884, 1471853884),
('/site/contact', 2, NULL, NULL, NULL, 1471853884, 1471853884),
('/site/contactus', 2, NULL, NULL, NULL, 1479615479, 1479615479),
('/site/error', 2, NULL, NULL, NULL, 1471853884, 1471853884),
('/site/index', 2, NULL, NULL, NULL, 1471853884, 1471853884),
('/site/login', 2, NULL, NULL, NULL, 1471853884, 1471853884),
('/site/logout', 2, NULL, NULL, NULL, 1471853884, 1471853884),
('/site/request-password-reset', 2, NULL, NULL, NULL, 1471853884, 1471853884),
('/site/reset-password', 2, NULL, NULL, NULL, 1471853884, 1471853884),
('/site/termsandconditions', 2, NULL, NULL, NULL, 1479617016, 1479617016),
('/site/webcam', 2, NULL, NULL, NULL, 1473649587, 1473649587),
('/support/*', 2, NULL, NULL, NULL, 1471853884, 1471853884),
('/support/default/*', 2, NULL, NULL, NULL, 1471853884, 1471853884),
('/support/default/index', 2, NULL, NULL, NULL, 1471853884, 1471853884),
('/support/membershippack/*', 2, NULL, NULL, NULL, 1471867945, 1471867945),
('/support/membershippack/create', 2, NULL, NULL, NULL, 1471867945, 1471867945),
('/support/membershippack/delete', 2, NULL, NULL, NULL, 1471867945, 1471867945),
('/support/membershippack/index', 2, NULL, NULL, NULL, 1471867945, 1471867945),
('/support/membershippack/send-membership-pack', 2, NULL, NULL, NULL, 1472307363, 1472307363),
('/support/membershippack/update', 2, NULL, NULL, NULL, 1471867945, 1471867945),
('/support/membershippack/view', 2, NULL, NULL, NULL, 1471867945, 1471867945),
('/user/*', 2, NULL, NULL, NULL, 1471853884, 1471853884),
('/user/change', 2, NULL, NULL, NULL, 1471853884, 1471853884),
('/user/create', 2, NULL, NULL, NULL, 1471853884, 1471853884),
('/user/delete', 2, NULL, NULL, NULL, 1471853884, 1471853884),
('/user/index', 2, NULL, NULL, NULL, 1471853884, 1471853884),
('/user/profile', 2, NULL, NULL, NULL, 1477849650, 1477849650),
('/user/update', 2, NULL, NULL, NULL, 1471853884, 1471853884),
('/user/view', 2, NULL, NULL, NULL, 1471853884, 1471853884),
('Administrator', 1, 'Rewardsandyou and Agnichakra Team', NULL, NULL, 1471854227, 1471854227),
('Management', 1, 'ICI Dealer', NULL, NULL, 1471854306, 1471854306),
('Painter', 1, 'Painter End Users ', NULL, NULL, 1471854432, 1471854432),
('SuperAdmin', 1, 'SuperAdmin', NULL, NULL, 1471852640, 1471852640),
('Support', 1, 'ICI Call Center Staff', NULL, NULL, 1471854347, 1471854347),
('updateAllEmpInfo', 2, 'Update Employee all details', NULL, NULL, 1471852762, 1471852762),
('UpdateallPainter', 2, 'Update Painter all details', NULL, NULL, 1471854515, 1471854515);

--
-- Constraints for dumped tables
--

--
-- Constraints for table `auth_item`
--
ALTER TABLE `auth_item`
  ADD CONSTRAINT `auth_item_ibfk_1` FOREIGN KEY (`rule_name`) REFERENCES `auth_rule` (`name`) ON DELETE SET NULL ON UPDATE CASCADE;

CREATE TABLE IF NOT EXISTS `auth_item_child` (
  `parent` varchar(64) COLLATE utf8_unicode_ci NOT NULL,
  `child` varchar(64) COLLATE utf8_unicode_ci NOT NULL,
  PRIMARY KEY (`parent`,`child`),
  KEY `child` (`child`)
) ENGINE=InnoDB DEFAULT CHARSET=utf8 COLLATE=utf8_unicode_ci;

--
-- Dumping data for table `auth_item_child`
--

INSERT INTO `auth_item_child` (`parent`, `child`) VALUES
('SuperAdmin', '/*'),
('SuperAdmin', '/admin/*'),
('SuperAdmin', '/admin/default/*'),
('SuperAdmin', '/admin/default/index'),
('SuperAdmin', '/debug/*'),
('SuperAdmin', '/debug/default/*'),
('SuperAdmin', '/debug/default/db-explain'),
('SuperAdmin', '/debug/default/download-mail'),
('SuperAdmin', '/debug/default/index'),
('SuperAdmin', '/debug/default/toolbar'),
('SuperAdmin', '/debug/default/view'),
('SuperAdmin', '/gii/*'),
('SuperAdmin', '/gii/default/*'),
('SuperAdmin', '/gii/default/action'),
('SuperAdmin', '/gii/default/diff'),
('SuperAdmin', '/gii/default/index'),
('SuperAdmin', '/gii/default/preview'),
('SuperAdmin', '/gii/default/view'),
('SuperAdmin', '/management/*'),
('SuperAdmin', '/management/default/*'),
('SuperAdmin', '/management/default/index'),
('Management', '/management/pointorder/*'),
('SuperAdmin', '/management/pointorder/*'),
('Support', '/management/pointorder/dstate'),
('Management', '/management/pointorder/findpainter'),
('Support', '/management/pointorder/findpainter'),
('Support', '/management/pointorder/getitem'),
('SuperAdmin', '/management/pointorder/index'),
('Painter', '/management/pointorder/myindex'),
('Painter', '/management/pointorder/myview'),
('Support', '/management/pointorder/newpoint'),
('Management', '/management/pointorder/orderapprove'),
('Support', '/management/pointorder/pdescription'),
('SuperAdmin', '/management/pointorder/update'),
('SuperAdmin', '/management/pointorder/view'),
('Painter', '/management/pointorder/viewviainvoice'),
('SuperAdmin', '/management/pointorderitem/*'),
('SuperAdmin', '/management/pointorderitem/create'),
('SuperAdmin', '/management/pointorderitem/delete'),
('SuperAdmin', '/management/pointorderitem/index'),
('SuperAdmin', '/management/pointorderitem/update'),
('SuperAdmin', '/management/pointorderitem/view'),
('Management', '/management/redemption/index'),
('Management', '/management/redemption/invoiceapprove'),
('Management', '/management/redemption/view'),
('Management', '/management/report/*'),
('SuperAdmin', '/painter/*'),
('SuperAdmin', '/painter/default/*'),
('SuperAdmin', '/painter/default/index'),
('UpdateallPainter', '/painter/default/index'),
('Management', '/painter/default/redemption-request'),
('Management', '/painter/painterprofile/*'),
('SuperAdmin', '/painter/painterprofile/*'),
('Management', '/painter/painterprofile/approvel'),
('SuperAdmin', '/painter/painterprofile/approvel'),
('SuperAdmin', '/painter/painterprofile/approvel-update'),
('Support', '/painter/painterprofile/approvel-update'),
('Support', '/painter/painterprofile/checkemail'),
('Management', '/painter/painterprofile/create'),
('SuperAdmin', '/painter/painterprofile/create'),
('Support', '/painter/painterprofile/create'),
('UpdateallPainter', '/painter/painterprofile/create'),
('Support', '/painter/painterprofile/dealeraddress'),
('SuperAdmin', '/painter/painterprofile/delete'),
('Support', '/painter/painterprofile/dregion'),
('Support', '/painter/painterprofile/dstate'),
('SuperAdmin', '/painter/painterprofile/index'),
('Support', '/painter/painterprofile/index'),
('Painter', '/painter/painterprofile/myprofile'),
('SuperAdmin', '/painter/painterprofile/myprofile'),
('Painter', '/painter/painterprofile/payout'),
('Painter', '/painter/painterprofile/payoutview'),
('SuperAdmin', '/painter/painterprofile/pickcountry'),
('Support', '/painter/painterprofile/pickcountry'),
('Management', '/painter/painterprofile/redemption'),
('Painter', '/painter/painterprofile/redemption'),
('Management', '/painter/painterprofile/redemption-request'),
('Painter', '/painter/painterprofile/redemption-request'),
('Management', '/painter/painterprofile/redemptionview'),
('Painter', '/painter/painterprofile/redemptionview'),
('SuperAdmin', '/painter/painterprofile/sendpassword'),
('SuperAdmin', '/painter/painterprofile/update'),
('SuperAdmin', '/painter/painterprofile/updatebank'),
('Support', '/painter/painterprofile/updatebank'),
('UpdateallPainter', '/painter/painterprofile/updatebank'),
('SuperAdmin', '/painter/painterprofile/updatecompany'),
('Support', '/painter/painterprofile/updatecompany'),
('UpdateallPainter', '/painter/painterprofile/updatecompany'),
('SuperAdmin', '/painter/painterprofile/updateprofile'),
('Support', '/painter/painterprofile/updateprofile'),
('UpdateallPainter', '/painter/painterprofile/updateprofile'),
('SuperAdmin', '/painter/painterprofile/view'),
('Support', '/painter/painterprofile/view'),
('UpdateallPainter', '/painter/painterprofile/view'),
('SuperAdmin', '/painter/painterprofile/viewapprove'),
('Support', '/painter/painterprofile/viewapprove'),
('SuperAdmin', '/painter/profile/*'),
('Painter', '/painter/profile/index'),
('SuperAdmin', '/painter/profile/index'),
('Painter', '/painter/profile/pickcountry'),
('SuperAdmin', '/painter/profile/pickcountry'),
('SuperAdmin', '/painter/profile/updatebank'),
('SuperAdmin', '/painter/profile/updatecompany'),
('SuperAdmin', '/painter/profile/updateprofile'),
('SuperAdmin', '/rights/*'),
('SuperAdmin', '/rights/assignment/*'),
('SuperAdmin', '/rights/assignment/assign'),
('SuperAdmin', '/rights/assignment/index'),
('SuperAdmin', '/rights/assignment/revoke'),
('SuperAdmin', '/rights/assignment/view'),
('SuperAdmin', '/rights/default/*'),
('SuperAdmin', '/rights/default/index'),
('SuperAdmin', '/rights/menu/*'),
('SuperAdmin', '/rights/menu/create'),
('SuperAdmin', '/rights/menu/delete'),
('SuperAdmin', '/rights/menu/index'),
('SuperAdmin', '/rights/menu/update'),
('SuperAdmin', '/rights/menu/view'),
('SuperAdmin', '/rights/permission/*'),
('SuperAdmin', '/rights/permission/assign'),
('SuperAdmin', '/rights/permission/create'),
('SuperAdmin', '/rights/permission/delete'),
('SuperAdmin', '/rights/permission/index'),
('SuperAdmin', '/rights/permission/remove'),
('SuperAdmin', '/rights/permission/update'),
('SuperAdmin', '/rights/permission/view'),
('SuperAdmin', '/rights/role/*'),
('SuperAdmin', '/rights/role/assign'),
('SuperAdmin', '/rights/role/create'),
('SuperAdmin', '/rights/role/delete'),
('SuperAdmin', '/rights/role/index'),
('SuperAdmin', '/rights/role/remove'),
('SuperAdmin', '/rights/role/update'),
('SuperAdmin', '/rights/role/view'),
('SuperAdmin', '/rights/route/*'),
('SuperAdmin', '/rights/route/assign'),
('SuperAdmin', '/rights/route/create'),
('SuperAdmin', '/rights/route/index'),
('SuperAdmin', '/rights/route/refresh'),
('SuperAdmin', '/rights/route/remove'),
('SuperAdmin', '/rights/rule/*'),
('SuperAdmin', '/rights/rule/create'),
('SuperAdmin', '/rights/rule/delete'),
('SuperAdmin', '/rights/rule/index'),
('SuperAdmin', '/rights/rule/update'),
('SuperAdmin', '/rights/rule/view'),
('SuperAdmin', '/rights/user/*'),
('SuperAdmin', '/rights/user/activate'),
('SuperAdmin', '/rights/user/change-password'),
('SuperAdmin', '/rights/user/delete'),
('SuperAdmin', '/rights/user/index'),
('SuperAdmin', '/rights/user/login'),
('SuperAdmin', '/rights/user/logout'),
('SuperAdmin', '/rights/user/request-password-reset'),
('SuperAdmin', '/rights/user/reset-password'),
('SuperAdmin', '/rights/user/signup'),
('SuperAdmin', '/rights/user/view'),
('SuperAdmin', '/shihan'),
('Management', '/site/*'),
('SuperAdmin', '/site/*'),
('SuperAdmin', '/site/about'),
('SuperAdmin', '/site/captcha'),
('SuperAdmin', '/site/contact'),
('Painter', '/site/contactus'),
('SuperAdmin', '/site/error'),
('Painter', '/site/index'),
('SuperAdmin', '/site/index'),
('Painter', '/site/login'),
('SuperAdmin', '/site/login'),
('Support', '/site/login'),
('Painter', '/site/logout'),
('SuperAdmin', '/site/logout'),
('Painter', '/site/request-password-reset'),
('SuperAdmin', '/site/request-password-reset'),
('Support', '/site/request-password-reset'),
('Painter', '/site/reset-password'),
('SuperAdmin', '/site/reset-password'),
('Support', '/site/reset-password'),
('Painter', '/site/termsandconditions'),
('Management', '/support/*'),
('SuperAdmin', '/support/*'),
('SuperAdmin', '/support/default/*'),
('SuperAdmin', '/support/default/index'),
('SuperAdmin', '/support/membershippack/*'),
('SuperAdmin', '/support/membershippack/create'),
('SuperAdmin', '/support/membershippack/delete'),
('SuperAdmin', '/support/membershippack/index'),
('Support', '/support/membershippack/index'),
('SuperAdmin', '/support/membershippack/send-membership-pack'),
('Support', '/support/membershippack/send-membership-pack'),
('SuperAdmin', '/support/membershippack/update'),
('Support', '/support/membershippack/update'),
('SuperAdmin', '/support/membershippack/view'),
('SuperAdmin', '/user/*'),
('Management', '/user/change'),
('Painter', '/user/change'),
('SuperAdmin', '/user/change'),
('Support', '/user/change'),
('SuperAdmin', '/user/create'),
('SuperAdmin', '/user/delete'),
('SuperAdmin', '/user/index'),
('Management', '/user/profile'),
('SuperAdmin', '/user/update'),
('SuperAdmin', '/user/view'),
('SuperAdmin', 'Administrator'),
('SuperAdmin', 'Management'),
('SuperAdmin', 'Painter'),
('SuperAdmin', 'Support'),
('SuperAdmin', 'updateAllEmpInfo'),
('SuperAdmin', 'UpdateallPainter');

--
-- Constraints for dumped tables
--

--
-- Constraints for table `auth_item_child`
--
ALTER TABLE `auth_item_child`
  ADD CONSTRAINT `auth_item_child_ibfk_1` FOREIGN KEY (`parent`) REFERENCES `auth_item` (`name`) ON DELETE CASCADE ON UPDATE CASCADE,
  ADD CONSTRAINT `auth_item_child_ibfk_2` FOREIGN KEY (`child`) REFERENCES `auth_item` (`name`) ON DELETE CASCADE ON UPDATE CASCADE;
CREATE TABLE IF NOT EXISTS `auth_rule` (
  `name` varchar(64) COLLATE utf8_unicode_ci NOT NULL,
  `data` text COLLATE utf8_unicode_ci,
  `created_at` int(11) DEFAULT NULL,
  `updated_at` int(11) DEFAULT NULL,
  PRIMARY KEY (`name`)
) ENGINE=InnoDB DEFAULT CHARSET=utf8 COLLATE=utf8_unicode_ci;
